创作要求,创作模式,艺术风格,动画语法,时长（秒）,画幅,素材文件,动画文件
用扁平图形讲解复利：本金、利率、时间三条线同步生长,解说动画,,Kurzgesagt 扁平科普,15,竖屏（1080×1920）,,{a50011b5-8d98-4eb8-8488-4e62d1e82152}.mp4
口播稿讲“一张画如何被时间改写”，画面按句对齐，角色仅作剪影,口播艺术动画,,白板手绘（RSA）,15,竖屏（1080×1920）,,{2a8735a2-cd25-48eb-a8c8-6c8d39f7c632}.mp4
用梵高旋涡笔触把一座沿海小城从黄昏画到深夜，天空与灯火持续旋转,艺术风格动画,梵高,,15,竖屏（1080×1920）,,{1495fcc9-2a75-42c1-8165-72966d6484a5}.mp4
按给定分镜拆解一段90年代科普短片的镜头节奏并同构图复刻，不新增剧情,动画拆解复刻,,,60,横屏（1920×1080）,ref_explainer_storyboard.pdf,explainer_rebuild.mp4
口播稿讲“一张画如何被时间改写”，画面按句对齐，角色仅作剪影,口播艺术动画,敦煌壁画,,75,竖屏（1080×1920）,voiceover_painting_time.wav,painting_time_vo.mp4
镜头从左至右穿越一幅江山长卷，由岩画进入水墨，再落到当代城市天际线,长卷穿越动画,洞穴岩画、中国水墨写意,,90,横屏（1920×1080）,scroll_route_notes.txt,river_scroll_travel.mp4
用扁平图形讲解复利：本金、利率、时间三条线同步生长,解说动画,当代扁平插画,Kurzgesagt 扁平科普,50,横屏（1920×1080）,compound_interest_script.md,compound_flat.mp4
把庞贝马赛克地板“活化”，碎片自行拼合出一座中庭，再缓缓散开,艺术风格动画,庞贝马赛克,,30,横屏（1920×1080）,pompeii_floor_ref.jpg,pompeii_mosaic.mp4
口播介绍包豪斯三原色与几何，界面元素按口播时间轴入场,口播艺术动画,包豪斯,发布会界面,40,横屏（1920×1080）,bauhaus_vo.wav,bauhaus_talk.mp4
解说通胀篮子：物价标签、工资曲线和购物小票在同一画面里对照,解说动画,利希滕斯坦波普,讲解员式财经科普,55,竖屏（1080×1920）,inflation_basket.csv,inflation_pop.mp4
拆解并复刻一段橡皮管卡通的走路循环与弹跳挤压，保持12帧节奏,动画拆解复刻,1930 橡皮管卡通,,24,横屏（1920×1080）,rubber_hose_cycle.mp4,hose_walk_rebuild.mp4
长卷从莫奈睡莲池穿过日本桥，雾气拉开后进入修拉点彩的河岸,长卷穿越动画,莫奈睡莲与日本桥、修拉点彩,,80,横屏（1920×1080）,monet_seurat_path.txt,lily_to_pointillism.mp4
用3Blue1Brown式变换讲解“一幅画的透视网格如何变成相机运动”,解说动画,早期光追 CGI,3Blue1Brown,65,横屏（1920×1080）,perspective_notes.md,perspective_transform.mp4
口播念一段短诗，画面以蒙克式天空和桥梁剪影按句切换，不出现可读字幕墙,口播艺术动画,蒙克表现主义,,36,竖屏（1080×1920）,poem_vo.wav,munch_poem.mp4
皮影班子从幕布后走上台，灯影依次变成敦煌飞天与水墨远山,艺术风格动画,中国皮影、敦煌壁画、中国水墨写意,,70,横屏（1920×1080）,shadow_play_beats.txt,shadow_dunhuang.mp4
白板手绘讲解“色彩如何从岩画走到像素”，每一步只保留当前图层,解说动画,洞穴岩画、8-bit 像素,白板手绘（RSA）,48,横屏（1920×1080）,color_history_outline.md,color_whiteboard.mp4
